Statistic	BoostDM	experimental	BoostDM_Q1	BoostDM_Q3	experimental_Q1	experimental_Q3
$F_{50}$	0.7321295726238014	0.6608648927284609	0.6845238095238095	0.756578947368421	0.625	0.6932692307692307
Precision	0.6919921953209911	0.6853933026137898	0.6388888888888888	0.71875	0.6363636363636364	0.7276315789473684
Recall	0.9583333333333335	0.5833333333333334	0.9583333333333334	0.9583333333333334	0.5833333333333334	0.5833333333333334
