Statistic	BoostDM_median	BoostDM_q1	BoostDM_q3	Niroula_median	Niroula_q1	Niroula_q3	Bick_median	Bick_q1	Bick_q3	CNIC_median	CNIC_q1	CNIC_q3	WHO_median	WHO_q1	WHO_q3
$F_{50}$	0.7922187221968404	0.780659787476742	0.8045657015590201	0.7428451178451179	0.7341930116472546	0.7517035775127768	0.7469730892965829	0.7370557029177719	0.7561307901907357	0.7390510948905109	0.7323688969258589	0.751043599257885	0.7513297872340425	0.7411460310705057	0.7594086021505376
Precision	0.8027839720985501	0.7880038266255713	0.8186968838526912	0.7088353413654619	0.699009900990099	0.7189409368635438	0.8058102766798418	0.7914514215742547	0.8191881918819188	0.7168141592920354	0.7089715536105032	0.7309651638094076	0.7243589743589743	0.7125597080937638	0.7337662337662337
Recall	0.7526041666666666	0.7526041666666666	0.7526041666666666	0.9192708333333334	0.9192708333333334	0.9192708333333334	0.578125	0.578125	0.578125	0.84375	0.84375	0.84375	0.8828125	0.8828125	0.8828125
