Statistic	BoostDM_median	BoostDM_q1	BoostDM_q3	Niroula_median	Niroula_q1	Niroula_q3	Bick_median	Bick_q1	Bick_q3	CNIC_median	CNIC_q1	CNIC_q3	WHO_median	WHO_q1	WHO_q3
$F_{50}$	0.8038195413555581	0.79813832320313	0.8085923856095005	0.7552954878779232	0.7500691945751453	0.7576181157394465	0.7863942879809599	0.7826687722068694	0.7906282099241295	0.7541173071366657	0.7506471095772217	0.7593831830084375	0.7608696274714113	0.7567567567567568	0.7645875251509054
Precision	0.8140660913543951	0.8067960199156108	0.8201948627103631	0.7267851973323408	0.7207446808510638	0.7294751009421265	0.8277661795407099	0.8226141078838174	0.8336401200858893	0.7310924369747899	0.7270194986072424	0.7372881355932204	0.7360775699100729	0.7312714776632302	0.7404314544189283
Recall	0.7652892561983471	0.7652892561983471	0.7652892561983471	0.8958677685950414	0.8958677685950414	0.8958677685950414	0.6553719008264463	0.6553719008264463	0.6553719008264463	0.8628099173553719	0.8628099173553719	0.8628099173553719	0.8793388429752066	0.8793388429752066	0.8793388429752066
